이름,나이,거주지
양성빈,26,시흥
홍길동,30,서울
아무개,25,강원
양성빈,26,시흥
홍길동,30,서울
아무개,25,강원
양성빈,26,시흥
홍길동,30,서울
아무개,25,강원
양성빈,26,시흥
홍길동,30,서울
아무개,25,강원
양성빈,26,시흥
홍길동,30,서울
아무개,25,강원
양성빈,26,시흥
홍길동,30,서울
아무개,25,강원
양성빈,26,시흥
홍길동,30,서울
아무개,25,강원
양성빈,26,시흥
홍길동,30,서울
아무개,25,강원
양성빈,26,시흥
홍길동,30,서울
아무개,25,강원
양성빈,26,시흥
홍길동,30,서울
아무개,25,강원
양성빈,26,시흥
홍길동,30,서울
아무개,25,강원
양성빈,26,시흥
홍길동,30,서울
아무개,25,강원
양성빈,26,시흥
홍길동,30,서울
아무개,25,강원
양성빈,26,시흥
홍길동,30,서울
아무개,25,강원
양성빈,26,시흥
홍길동,30,서울
아무개,25,강원
양성빈,26,시흥
홍길동,30,서울
아무개,25,강원
양성빈,26,시흥
홍길동,30,서울
아무개,25,강원
양성빈,26,시흥
홍길동,30,서울
아무개,25,강원
양성빈,26,시흥
홍길동,30,서울
아무개,25,강원
양성빈,26,시흥
홍길동,30,서울
아무개,25,강원
양성빈,26,시흥
홍길동,30,서울
아무개,25,강원
양성빈,26,시흥
홍길동,30,서울
아무개,25,강원
양성빈,26,시흥
홍길동,30,서울
아무개,25,강원
양성빈,26,시흥
홍길동,30,서울
아무개,25,강원
양성빈,26,시흥
홍길동,30,서울
아무개,25,강원
양성빈,26,시흥
홍길동,30,서울
아무개,25,강원
양성빈,26,시흥
홍길동,30,서울
아무개,25,강원
양성빈,26,시흥
홍길동,30,서울
아무개,25,강원
양성빈,26,시흥
홍길동,30,서울
아무개,25,강원
양성빈,26,시흥
홍길동,30,서울
아무개,25,강원
아무개,25,강원
양성빈,26,시흥
홍길동,30,서울
아무개,25,강원
양성빈,26,시흥
홍길동,30,서울
아무개,25,강원
양성빈,26,시흥
홍길동,30,서울
아무개,25,강원